college_name,location,best_suit_for,fees,placement,type
Post Graduate Institute of Medical Education & Research - [PGIMER],"Chandigarh, Chandigarh",Bachelor of Physiotherapy(BPT),3030,,Government
Indian School of Business - [ISB],"Mohali, Punjab",MBA/PGDM,4542480,"66,00,000",Private
Government Medical College and Hospital - [GMCH],"Chandigarh, Chandigarh",MBBS,"25,000",,Government
Christian Medical College - [CMC],"Ludhiana, Punjab",MBBS,"₹ 33,00,000",,Private
IIT Ropar - Indian Institute of Technology - [IITR],"Ropar, Punjab",BE/B.Tech,"₹ 2,49,460",,Government
All India Institute of Medical Sciences - [AIIMS],"Bathinda, Punjab",MBBS,"₹ 1,628",,Government
Punjab Engineering College University of Technology - [PEC],"Chandigarh, Chandigarh",BE/B.Tech,"₹ 2,07,000","₹ 52,00,000",Government
Panjab University - [PU],"Chandigarh, Chandigarh",BA,"₹ 20,885",,Government
Dr BR Ambedkar National Institute of Technology - [NIT],"Jalandhar, Punjab",BE/B.Tech,"₹ 1,64,000","₹ 52,00,000",Government
IIM Amritsar - Indian Institute of Management,"Amritsar, Punjab",MBA/PGDM,"₹ 9,65,000","₹ 28,00,000",Government
Thapar Institute of Engineering and Technology - [Thapar University],"Patiala, Punjab",BE/B.Tech,"₹ 5,08,000","₹ 1,23,00,000",Private
Government Medical College / Rajindra Hospital-[GMCP],"Patiala, Punjab",MBBS,"₹ 1,74,000",,Government
Institute of Hotel Management - [IHM],"Gurdaspur, Punjab",BHM,"₹ 1,09,600","₹ 3,65,000",Government
Kanya Mahavidyalaya - [KMV],"Jalandhar, Punjab",B.Sc,"₹ 20,510",,Private
"LM Thapar School of Management, Derabassi","Chandigarh, Chandigarh",MBA/PGDM,"₹ 6,70,000","₹ 24,81,000",Private
Lovely Professional University - [LPU],"Jalandhar, Punjab",BE/B.Tech,"₹ 3,49,000","₹ 3,00,00,000",Private
Government Medical College - [GMC],"Amritsar, Punjab",MBBS,"₹ 9,98,000",,Government
Sri Guru Ram Das Institute of Medical Sciences & Research - [SGRDIMSR],"Amritsar, Punjab",MBBS,"₹ 10,42,000",,Private
University Institute of Engineering and Technology -[UIET],"Chandigarh, Chandigarh",BE/B.Tech,"₹ 1,34,860","₹ 25,00,000",Government
Sant Longowal Institute of Engineering and Technology - [SLIET],"Sangrur, Punjab",BE/B.Tech,"₹ 88,000","₹ 18,00,000",Government
"University Business School, Panjab University - [UBS]","Chandigarh, Chandigarh",MBA/PGDM,"₹ 23,945","₹ 24,00,000",Government
P.U. Swami Sarvanand Giri Regional Centre - [PUSSGRC],"Hoshiarpur, Punjab",BE/B.Tech,"₹ 1,14,305",,Government
Gian Jyoti Institute of Management and Technology - [GJIMT],"Mohali, Punjab",MBA/PGDM,"₹ 1,03,950","₹ 12,00,000",Private
Chandigarh College of Engineering and Technology - [CCET],"Chandigarh, Chandigarh",BE/B.Tech,"₹ 75,998","₹ 6,73,000",Government
National Institute of Technical Teachers Training and Research - [NITTTR],"Chandigarh, Chandigarh",ME/M.Tech,"₹ 75,500",,Government
Government Industrial Training Institute - [GITI],"Chandigarh, Chandigarh",Certificate in Engineering,,,Government
Chandigarh Business School of Administration - [CBSA] Landran,"Mohali, Punjab",MBA/PGDM,"₹ 1,00,200","₹ 50,00,000",Private
Indo Swiss Training Centre - [ISTC],"Chandigarh, Chandigarh",Graduate Diploma in Engineering,"₹ 20,000","₹ 9,00,000",Government
RIMT University,"Gobindgarh, Punjab",BE/B.Tech,"₹ 1,93,000","₹ 6,00,000",Private
DAV College For Women,"Firozpur, Punjab",BCA,"₹ 52,046",,Private
Guru Kashi University,"Bathinda, Punjab",BA,"₹ 4,000",,Private
IITT Institutions,"Chandigarh, Chandigarh",BE/B.Tech,"₹ 1,00,200",,Private
Sant Baba Bhag Singh University - [SBBSU],"Jalandhar, Punjab",B.Sc,"₹ 46,850","₹ 7,00,000",Private
Swami Vivekanand Institute of Engineering & Technology - [SVIET],"Chandigarh, Chandigarh",BE/B.Tech,"₹ 1,05,000","₹ 60,00,000",Private
Chandigarh Group of Colleges - [CGC] Landran,"Mohali, Punjab",BE/B.Tech,"₹ 1,66,000","₹ 50,00,000",Private
"Centre for Distance and Online Education, Panjab University - [CDOE]","Chandigarh, Chandigarh",BA,"₹ 22,900",,Government
CGC University,"Chandigarh, Chandigarh",BE/B.Tech,"₹ 1,78,000","₹ 1,00,00,000",Private
DAV Institute of Engineering and Technology - [DAVIET],"Jalandhar, Punjab",BE/B.Tech,"₹ 1,00,200","₹ 70,00,000",Private
GNA University,"Phagwara, Punjab",BE/B.Tech,"₹ 2,00,000","₹ 30,50,000",Private
National Institute of Pharmaceutical Education and Research - [NIPER],"Mohali, Punjab",M.Pharm,"₹ 1,40,348",,Government
Global Group of Institutes,"Amritsar, Punjab",BE/B.Tech,"₹ 1,00,200","₹ 30,00,000",Private
Punjab Agricultural University - [PAU],"Ludhiana, Punjab",B.Sc,"₹ 94,960","₹ 9,00,000",Government
Baba Farid University of Health Sciences - [BFUHS],"Faridkot, Punjab",MBBS,"₹ 4,47,000",,Government
Dayanand Medical College and Hospital - [DMCH],"Ludhiana, Punjab",MBBS,"₹ 4,86,450",,Private
Gulzar Group of Institutes - [GGI],"Ludhiana, Punjab",BE/B.Tech,"₹ 1,21,200","₹ 17,00,000",Private
Sri Guru Ram Das University of Health Sciences - [sgrduhs],"Amritsar, Punjab",MBBS,"₹ 45,54,000",,Private
Guru Nanak Dev Engineering College - [GNDEC],"Ludhiana, Punjab",BE/B.Tech,"₹ 1,20,619","₹ 10,00,000",Private
Punjab Institute of Medical Sciences - [PIMS],"Jalandhar, Punjab",MBBS,"₹ 5,29,500",,Private
Narsee Monjee Institute of Management Studies - [NMIMS],"Chandigarh, Chandigarh",B.Com,"₹ 1,50,000","₹ 22,00,000",Private
DAV University,"Jalandhar, Punjab",B.Sc,"₹ 86,400","₹ 32,00,000",Private
Christian Dental College,"Ludhiana, Punjab",BDS,"₹ 2,20,000",,Private
Dr.Ambedkar Institute of Hotel Management Catering and Nutrition - [IHM],"Chandigarh, Chandigarh",BHM,"₹ 1,47,135",,Government
Sri Guru Granth Sahib World University - [SGGSWU],"Fatehgarh Sahib, Punjab",M.Phil/Ph.D in Arts,"₹ 68,000","₹ 13,00,000",Private
"University Institute of Legal Studies, Panjab University","Chandigarh, Chandigarh",BA/BBA LLB,"₹ 88,580",,Government
Rajiv Gandhi National University of Law - [RGNUL],"Patiala, Punjab",BA/BBA LLB,"₹ 2,42,500",,Government
SCD Government College,"Ludhiana, Punjab",BA,"₹ 7,600",,Government
Amritsar College of Engineering and Technology - [ACET],"Amritsar, Punjab",BE/B.Tech,"₹ 1,00,200","₹ 40,00,000",Private
Baba Banda Singh Bahadur Engineering College - [BBSBEC],"Fatehgarh Sahib, Punjab",BE/B.Tech,"₹ 1,02,000","₹ 7,00,000",Private
Plaksha University,"Mohali, Punjab",BE/B.Tech,"₹ 8,80,000","₹ 50,00,000",Private
Kamla Nehru College for Women - [KNC],"Kapurthala, Punjab",BFA,,,Private
Doaba Group of Colleges - [DGC],"Mohali, Punjab",BE/B.Tech,"₹ 3,18,000",,Private
Giani Zail Singh Campus College of Engineering and Technology - [GZSCCET],"Bathinda, Punjab",BE/B.Tech,"₹ 1,04,600","₹ 4,00,000",Government
Baba Farid College of Management and Technology - [BFCMT],"Bathinda, Punjab",MBA/PGDM,"₹ 1,80,000",,Private
Chandigarh Institute of Hotel Management and Catering Technology - [CIHMCT],"Chandigarh, Chandigarh",BHM,"₹ 3,00,000",,Government
Army Institute of Law - [AIL],"Mohali, Punjab",BA/BBA LLB,"₹ 1,92,805","₹ 16,10,000",Private
Government Home Science College,"Chandigarh, Chandigarh",M.Sc,"₹ 33,215",,Government
Chandigarh University - [CU],"Chandigarh, Chandigarh",BE/B.Tech,"₹ 2,24,500","₹ 1,70,00,000",Private
ISF College of pharmacy,"Moga, Punjab",B.Pharm,"₹ 90,000","₹ 5,00,000",Private
Department of Laws Panjab University,"Chandigarh, Chandigarh",LLB,"₹ 15,115",,Government
Indo Global College of Engineering,"Mohali, Punjab",BE/B.Tech,"₹ 1,00,200",,Private
Chitkara School of Hospitality -[CSH],"Chandigarh, Chandigarh",BHM,"₹ 2,20,000",,Private
"University Institute of Tourism and Hospitality Management, Chandigarh University - [UITHM]","Chandigarh, Chandigarh",BHM (Hospital),"₹ 1,70,500","₹ 25,00,000",Private
Northern India Institute of Fashion Technology - [NIIFT],"Mohali, Punjab",M.Sc,"₹ 1,19,750",,Government
Mehr Chand Mahajan Dayanand Anglo Vedic College for Women - [MCM DAV],"Chandigarh, Chandigarh",BA,"₹ 31,715","₹ 5,00,000",Private
Hotel & Catering Management Institute - [HCMI],"Chandigarh, Chandigarh",BHM,"₹ 69,200",,Private
Quest Group of Institutions,"Mohali, Punjab",BE/B.Tech,"₹ 1,00,200",,Private
Sahibzada Ajit Singh Group of Institutions,"Mohali, Punjab",BBA/BMS,"₹ 71,200",,Private
Dr IT School of Business,"Patiala, Punjab",MBA/PGDM,"₹ 1,00,200",,Private
Doraha Institute of Management and Technology - [DIMT],"Ludhiana, Punjab",B.Com,"₹ 69,200",,Private
Chitkara University - [CU],"Patiala, Punjab",MBA/PGDM,"₹ 4,30,000","₹ 44,00,000",Private
Khalsa College,"Amritsar, Punjab",B.Sc,"₹ 59,960",,Private
BBK DAV College for Women,"Amritsar, Punjab",BA,"₹ 70,380",,Private
"Chitkara University, Chitkara School of Planning and Architecture - [CSPA]","Patiala, Punjab",B.Arch,"₹ 2,00,000",,Private
DAV College - [DAVC],"Chandigarh, Chandigarh",BA,"₹ 20,641",,Private
Chitkara College of Pharmacy - [CCP],"Patiala, Punjab",B.Pharm,"₹ 2,00,000",,Private
Goswami Ganesh Dutta Sanatan Dharma College - [GGDSD],"Chandigarh, Chandigarh",M.Sc,"₹ 3,700",,Private
Government College of Education,"Chandigarh, Chandigarh",B.Ed,"₹ 22,970",,Government
Baba Farid College of Engineering and Technology - [BFCET],"Bathinda, Punjab",BE/B.Tech,"₹ 87,410","₹ 12,00,000",Private
Sri Sai College of Education - [SSCE],"Pathankot, Punjab",D.El.Ed,"₹ 44,000",,Private
LPU Online,"Jalandhar, Punjab",Online MBA,"₹ 1,00,000","₹ 7,25,000",Private
"Chitkara University, Chitkara School of Mass Communication - [CSMC]","Patiala, Punjab",BMM,"₹ 1,40,000",,Private
Amar Shaheed Baba Ajit Singh Jujhar Singh Memorial College of Pharmacy,"Bela, Punjab",B.Pharm,"₹ 1,11,000",,Private
Chandigarh College of Hotel Management and Catering Technology - [CCHMCT] Landran,"Mohali, Punjab",BHM,"₹ 4,80,000","₹ 45,50,000",Private
Chitkara University Online,"Patiala, Punjab",MBA/PGDM,"₹ 2,00,000",,Private
GGS College of Modern Technology,"Mohali, Punjab",BE/B.Tech,"₹ 80,900","₹ 9,00,000",Private
I.K. Gujral Punjab Technical University - [IKG-PTU],"Jalandhar, Punjab",BE/B.Tech,"₹ 1,26,200","₹ 64,87,000",Government
Chandigarh University Online,"Mohali, Punjab", MBA,"₹ 79,000",,Private
CT Institute of Hospitality Management,"Jalandhar, Punjab",BHM,"₹ 2,40,000",,Private
Baba Farid Group of Institutions - [BFGI],"Bathinda, Punjab",B.Sc,"₹ 55,000","₹ 72,00,000",Private
Post Graduate Government College for Girls,"Chandigarh, Chandigarh",MA,"₹ 27,092",,Government
IIT Jammu - Indian Institute of Technology - [IITJ],"Jammu, Jammu and Kashmir",ME/M.Tech,"₹ 60,040","₹ 53,00,000",Government
IIM Jammu,"Jammu, Jammu and Kashmir",MBA/PGDM,"₹ 10,53,980","₹ 31,75,000",Government
National Institute of Technology - [NIT],"Srinagar, Jammu and Kashmir",BE/B.Tech,"₹ 1,64,500","₹ 36,50,000",Government
Government Medical College,"Srinagar, Jammu and Kashmir",MBBS,"₹ 34,215",,Government
All India Institute Of Medical Sciences - [AIIMS],"Jammu, Jammu and Kashmir",MBBS,"₹ 5,856",,Government
Shri Mata Vaishno Devi University - [SMVDU],"Katra, Jammu and Kashmir",BE/B.Tech,"₹ 1,63,990","₹ 19,50,000",Government
Islamic University of Science and Technology - [IUST],"Pulwama, Jammu and Kashmir",BE/B.Tech,"₹ 76,200",,Government
Model Institute of Engineering and Technology - [MIET],"Jammu, Jammu and Kashmir",BE/B.Tech,"₹ 1,13,350","₹ 18,00,000",Private
Central University Of Jammu,"Jammu, Jammu and Kashmir",B.Sc,"₹ 24,430","₹ 10,00,000",Government
Sher-i-Kashmir Institute of Medical Sciences - [SKIMS],"Srinagar, Jammu and Kashmir",MBBS,"₹ 94,500",,Government
Yogananda College of Engineering & Technology -[YCET],"Jammu, Jammu and Kashmir",BE/B.Tech,"₹ 58,703",,Private
University of Jammu,"Jammu, Jammu and Kashmir",MA,"₹ 21,380",,Government
The Business School University of Jammu - [TBS],"Jammu, Jammu and Kashmir",MBA/PGDM,"₹ 57,219",,Government
Government College for Women,"Srinagar, Jammu and Kashmir",B.Sc,"₹ 3,458",,Government
Government College of Engineering and Technology - [GCET],"Jammu, Jammu and Kashmir",BE/B.Tech,"₹ 42,920",,Government
Central Institute of Temperate Horticultural - [CITH],"Srinagar, Jammu and Kashmir",M.Phil/Ph.D in Arts,,,Government
Sher-e-Kashmir University of Agricultural Sciences and Technology of Kashmir - [SKUAST],"Srinagar, Jammu and Kashmir",M.F.Sc,"₹ 30,600",,Government
University of Kashmir - [KU],"Srinagar, Jammu and Kashmir",MA,"₹ 9,998",,Government
Government Degree College,"Srinagar, Jammu and Kashmir",BA,,,Government
SSM College of Engineering and Technology - [SSM],"Baramulla, Jammu and Kashmir",BE/B.Tech,"₹ 49,000",,Private
Cluster University of Jammu,"Jammu, Jammu and Kashmir",M.Sc,"₹ 47,230",,Government
Sher-e-Kashmir University of Agricultural Sciences and Technology of Jammu - [SKUAST-J],"Jammu, Jammu and Kashmir",B.Sc (Agriculture),"₹ 26,900",,Government
Government College for Women - [GCW],"Jammu, Jammu and Kashmir",BA,"₹ 28,560",,Government
"Directorate of Distance Education, University of Jammu","Jammu, Jammu and Kashmir",MA,"₹ 10,690","₹ 5,60,000",Government
Baldev Institute of Management Technology and Sciences - [BIMTAS],"Jammu, Jammu and Kashmir",BCA,,,Private
Central University of Kashmir,"Srinagar, Jammu and Kashmir",MA,"₹ 12,440",,Government
MBS College of Engineering and Technology,"Jammu, Jammu and Kashmir",BE/B.Tech,"₹ 49,000",,Private
Amar Singh Government Degree College,"Srinagar, Jammu and Kashmir",BA,,,Government
Bhartiya College of Education,"Udhampur, Jammu and Kashmir",B.Ed,"₹ 40,000",,Private
Government Degree College,"Jammu, Jammu and Kashmir",BA,"₹ 7,290",,Government
Government Degree College for Boys,"Anantnag, Jammu and Kashmir",BA,,,Government
Government Degree College for Boys,"Udhampur, Jammu and Kashmir",B.Sc,"₹ 21,960",,Government
Government Degree College for Women,"Anantnag, Jammu and Kashmir",BA,"₹ 2,530",,Government
Government MAM College,"Jammu, Jammu and Kashmir",BCA,"₹ 14,068",,Government
Jamia Tul Banat Saifni,"Srinagar, Jammu and Kashmir",BA,"₹ 43,000",,Private
Swami Vishwatamanand Saraswati Degree College,"Rajauri, Jammu and Kashmir",BA,,,Private
Government Degree College,"Doda, Jammu and Kashmir",BA,,,Government
Jammu Institute of Ayurveda and Research College - [JIAR],"Jammu, Jammu and Kashmir",BAMS,"₹ 3,54,665",,Private
Government Dental College,"Srinagar, Jammu and Kashmir",BDS,,,Government
Institute of Dental Sciences - [IDS],"Jammu, Jammu and Kashmir",BDS,"₹ 3,45,000",,Private
Institute of Hotel Management Catering Technology and Applied Nutrition,"Srinagar, Jammu and Kashmir",BHM,"₹ 1,06,900",,Government
Ashoka Law College,"Kathua, Jammu and Kashmir",BA/BBA LLB,,,Private
Bhargava Law College,"Jammu, Jammu and Kashmir",BA/BBA LLB,,,Private
Dogra Law College,"Jammu, Jammu and Kashmir",BA/BBA LLB,"₹ 40,353",,Private
KC Law College,"Jammu, Jammu and Kashmir",BA/BBA LLB,,,Private
Kashmir Law College,"Srinagar, Jammu and Kashmir",BA/BBA LLB,"₹ 1,05,000",,Private
Bhargava Paramedical College,"Jammu, Jammu and Kashmir",GNM,,,Private
Acharya Shri Chander College of Medical Sciences,"Jammu, Jammu and Kashmir",MBBS,"₹ 39,000",,Private
Government Medical College - [GMC],"Jammu, Jammu and Kashmir",MBBS,"₹ 26,250",,Government
Acharya Shri Chander Institute of Nursing Education,"Jammu, Jammu and Kashmir",GNM,"₹ 51,000",,Private
IIT Kanpur - Indian Institute of Technology - [IITK],"Kanpur, Uttar Pradesh",BE/B.Tech,"₹ 2,53,120","₹ 24,00,000",Government
IIML - Indian Institute of Management,"Lucknow, Uttar Pradesh",MBA/PGDM,"₹ 11,15,000","₹ 75,00,000",Government
National Council For Hotel Management and Catering Technology,"Noida, Uttar Pradesh",BHM,"₹ 1,25,915",,Government
IIT BHU - Indian Institute of Technology,"Varanasi, Uttar Pradesh",BE/B.Tech,"₹ 2,18,815","₹ 1,68,00,000",Government
Aligarh Muslim University - [AMU],"Aligarh, Uttar Pradesh",BA,"₹ 13,680","₹ 14,00,000",Government
MNNIT Allahabad - Motilal Nehru National Institute of Technology,"Allahabad, Uttar Pradesh",BE/B.Tech,"₹ 1,68,000","₹ 72,00,000",Government
Amity School of Hospitality,"Noida, Uttar Pradesh",M.Phil/Ph.D in Hotel Management,"₹ 1,70,000","₹ 6,00,000",Private
Indian Institute of Information Technology - [IIIT],"Allahabad, Uttar Pradesh",ME/M.Tech,"₹ 2,12,610","₹ 1,21,00,000",Government
Institute of Medical Sciences - [IMS BHU],"Varanasi, Uttar Pradesh",MBBS,"₹ 1,49,000",,Government
Indian Institute of Information Technology - [IIITL],"Lucknow, Uttar Pradesh",BE/B.Tech,"₹ 2,69,700","₹ 1,45,00,000",Government
Lloyd Law College,"Greater Noida, Uttar Pradesh",BA/BBA LLB,"₹ 9,00,000",,Private
IMT - Institute of Management Technology,"Ghaziabad, Uttar Pradesh",PG Diploma in Management,"₹ 30,42,976","₹ 41,55,000",Private
King George's Medical University - [KGMU],"Lucknow, Uttar Pradesh",MBBS,"₹ 41,600",,Government
Amity School of Architecture and Planning,"Noida, Uttar Pradesh",B.Arch,"₹ 2,79,000","₹ 17,00,000",Private
All India Institute Of Medical Sciences - [AIIMS],"Gorakhpur, Uttar Pradesh",MBBS,"₹ 5,293",,Government
"Department of Management Sciences, IIT Kanpur- [DOMS IITKP]","Kanpur, Uttar Pradesh",Executive MBA,"₹ 13,50,000","₹ 24,00,000",Government
All India Institute of Medical Sciences - [AIIMS],"Rae Bareli, Uttar Pradesh",MBBS,"₹ 1,628",,Government
Institute of Hotel Management Catering Technology and Applied Nutrition - [IHM],"Meerut, Uttar Pradesh",BHM,"₹ 95,000","₹ 4,20,000",Government
Dr. Ram Manohar Lohia Institute of Medical Sciences - [RMLIMS],"Lucknow, Uttar Pradesh",MBBS,"₹ 49,700",,Government
Birla Institute of Management Technology - [BIMTECH],"Greater Noida, Uttar Pradesh",MBA/PGDM,"₹ 14,00,000","₹ 24,43,000",Private
Banaras Hindu University - [BHU],"Varanasi, Uttar Pradesh",BA,"₹ 2,300","₹ 1,20,00,000",Government
Sanjay Gandhi Postgraduate Institute of Medical Sciences - [SGPGIMS],"Lucknow, Uttar Pradesh",Bachelor of Physiotherapy(BPT),"₹ 43,250",,Government
Rajiv Gandhi Institute of Petroleum Technology - [RGIPT],"Amethi, Uttar Pradesh",BE/B.Tech,"₹ 2,56,000","₹ 24,00,000",Government
Jawahar Lal Nehru Medical College - [JNMC],"Aligarh, Uttar Pradesh",MBBS,"₹ 2,39,200",,Government
Amity Business School - [ABS],"Noida, Uttar Pradesh",MBA/PGDM,"₹ 6,90,000","₹ 26,30,000",Private
"Institute of Management Studies, Banaras Hindu University","Varanasi, Uttar Pradesh",MBA/PGDM,"₹ 70,000","₹ 23,50,000",Government
IMS,"Ghaziabad, Uttar Pradesh",MBA/PGDM,"₹ 5,00,000","₹ 35,00,000",Private
Zakir Hussain College of Engineering and Technology - [ZHCET],"Aligarh, Uttar Pradesh",BE/B.Tech,"₹ 18,990",,Government
Jaypee Institute of Information Technology University - [JIIT],"Noida, Uttar Pradesh",BE/B.Tech,"₹ 4,06,000","₹ 62,00,000",Private
Dayalbagh Educational Institute - [DEI],"Agra, Uttar Pradesh",BA,"₹ 5,150",,Government
Amity School of Engineering & Technology - [ASET],"Noida, Uttar Pradesh",BE/B.Tech,"₹ 2,06,500","₹ 35,90,000",Private
GSVM Medical College,"Kanpur, Uttar Pradesh",MBBS,"₹ 39,600",,Government
Government Institute of Medical Sciences - [GIMS],"Greater Noida, Uttar Pradesh",MBBS,"₹ 1,51,100",,Government
Sarojini Naidu Medical College - [SNMC],"Agra, Uttar Pradesh",MBBS,"₹ 36,000",,Government
LLRM Medical College,"Meerut, Uttar Pradesh",MBBS,"₹ 43,000",,Government
UEI Global,"Lucknow, Uttar Pradesh",BHM,"₹ 3,00,000","₹ 24,00,000",Private
"Sharda University, School of Medical Sciences and Research - [SMSR]","Greater Noida, Uttar Pradesh",MBBS,"₹ 12,69,319","₹ 1,00,00,000",Private
Jaipuria Institute of Management,"Lucknow, Uttar Pradesh",MBA/PGDM,"₹ 7,55,000","₹ 36,64,000",Private
Ajay Kumar Garg Engineering College - [AKGEC],"Ghaziabad, Uttar Pradesh",BE/B.Tech,"₹ 1,42,156","₹ 33,80,000",Private
Moti Lal Nehru Medical College - [MLNMC],"Allahabad, Uttar Pradesh",MBBS,"₹ 1,35,000",,Government
Madan Mohan Malaviya University of Technology - [MMMUT],"Gorakhpur, Uttar Pradesh",BE/B.Tech,"₹ 2,75,200","₹ 52,00,000",Government
Jaipuria Institute of Management,"Noida, Uttar Pradesh",MBA/PGDM,"₹ 1,40,000","₹ 36,60,000",Private
Teerthanker Mahaveer Medical College and Research Center,"Moradabad, Uttar Pradesh",MBBS,"₹ 20,00,000",,Private
Galgotias College of Engineering and Technology - [GCET],"Greater Noida, Uttar Pradesh",BE/B.Tech,"₹ 1,15,603","₹ 39,00,000",Private
Mahatma Jyotiba Phule Rohilkhand University - [MJPRU],"Bareilly, Uttar Pradesh",MA,"₹ 20,900",,Government
Maharani Laxmi Bai Medical College,"Jhansi, Uttar Pradesh",MBBS,"₹ 42,000",,Government
GL Bajaj Institute of Management and Research - [GLBIMR],"Greater Noida, Uttar Pradesh",MBA/PGDM,"₹ 7,85,000","₹ 23,00,000",Private
Baba Raghav Das Medical College - [BRD],"Gorakhpur, Uttar Pradesh",MBBS,"₹ 1,89,000",,Government
Galgotias University - [GU],"Greater Noida, Uttar Pradesh",BE/B.Tech,"₹ 1,77,000","₹ 39,00,000",Private
Gautam Buddha University - [GBU],"Greater Noida, Uttar Pradesh",BE/B.Tech,"₹ 54,100","₹ 22,00,000",Government
All India Institute of Medical Sciences - [AIIMS],"New Delhi, Delhi NCR",MBBS,"₹ 1,628",,Government
Vardhman Mahavir Medical College - [VMMC],"New Delhi, Delhi NCR",MBBS,"₹ 57,000",,Government
IIT Delhi - Indian Institute of Technology [IITD],"New Delhi, Delhi NCR",BE/B.Tech,"₹ 2,27,750","₹ 2,00,00,000",Government
Shri Ram College of Commerce - [SRCC],"New Delhi, Delhi NCR",B.Com,"₹ 32,420","₹ 35,00,000",Government
Maulana Azad Medical College - [MAMC],"New Delhi, Delhi NCR",MBBS,"₹ 4,445",,Government
Atal Bihari Vajpayee Institute of Medical Sciences & Dr. Ram Manohar Lohia Hospital,"New Delhi, Delhi NCR",MBBS,"₹ 54,500",,Government
National Council For Hotel Management and Catering Technology,"Noida, Uttar Pradesh",BHM,"₹ 1,25,915",,Government
FMS Delhi Faculty of Management Studies,"New Delhi, Delhi NCR",MBA/PGDM,"₹ 1,16,000","₹ 1,23,00,000",Government
Delhi University - [DU],"New Delhi, Delhi NCR",M.Phil/Ph.D in Arts,"₹ 21,390",,Government
University College of Medical Sciences - [UCMS],"New Delhi, Delhi NCR",MBBS,"₹ 31,340",,Government
MDI Gurgaon,"Gurgaon, Haryana",Executive MBA,"₹ 16,70,000","₹ 53,60,000",Private
Daulat Ram College - [DRC],"New Delhi, Delhi NCR",BA,"₹ 32,100","₹ 23,05,000",Government
IIFT Delhi Indian Institute of Foreign Trade,"New Delhi, Delhi NCR",BBA/BMS,"₹ 6,75,462","₹ 75,60,000",Government
National Law University - [NLU],"New Delhi, Delhi NCR",M.Phil/Ph.D in Arts,"₹ 1,95,000","₹ 14,00,000",Government
"O.P. Jindal Global University, Jindal Global Law School - [JGLS]","Sonepat, Haryana",BA/BBA LLB,"₹ 7,00,000",,Private
Lady Hardinge Medical College - [LHMC],"New Delhi, Delhi NCR",MBBS,"₹ 1,655",,Government
Netaji Subhas University of Technology - [NSUT],"New Delhi, Delhi NCR",BE/B.Tech,"₹ 2,50,000","₹ 65,00,000",Government
DMS - Department of Management Studies IIT,"New Delhi, Delhi NCR",M.Phil/Ph.D in Management,"₹ 43,150","₹ 41,13,000",Government
Amity School of Hospitality,"Noida, Uttar Pradesh",M.Phil/Ph.D in Hotel Management,"₹ 1,70,000","₹ 6,00,000",Private
College of Vocational Studies - [CVS],"New Delhi, Delhi NCR",Bachelors in Vocational Courses,"₹ 18,800","₹ 23,05,000",Government
Delhi Technological University - [DTU],"New Delhi, Delhi NCR",BE/B.Tech,"₹ 2,47,700","₹ 85,30,000",Government
IIM Rohtak Indian Institute of Management,"Rohtak, Haryana",BBA/BMS,"₹ 6,76,045","₹ 36,00,000",Government
Dyal Singh College - [DSC],"New Delhi, Delhi NCR",BA,"₹ 14,705","₹ 23,50,000",Government
Indraprastha Institute of Information Technology - [IIITD],"New Delhi, Delhi NCR",BE/B.Tech,"₹ 4,62,000","₹ 49,00,000",Government
Aryabhatta College,"New Delhi, Delhi NCR",BA,"₹ 19,320","₹ 12,00,000",Government
Dr. Baba Saheb Ambedkar Medical College & Hospital - [BSAMCH],"New Delhi, Delhi NCR",MBBS,"₹ 1,11,000",,Government
Lloyd Law College,"Greater Noida, Uttar Pradesh",BA/BBA LLB,"₹ 9,00,000",,Private
Masters' Union,"Gurgaon, Haryana",MBA/PGDM,"₹ 34,00,384","₹ 61,80,000",Private
IMT - Institute of Management Technology,"Ghaziabad, Uttar Pradesh",PG Diploma in Management,"₹ 30,42,976","₹ 41,55,000",Private
Shaheed Bhagat Singh Evening College,"New Delhi, Delhi NCR",BA,"₹ 16,575",,Government
Guru Gobind Singh Indraprastha University - [GGSIPU],"New Delhi, Delhi NCR",BE/B.Tech,"₹ 1,89,500","₹ 45,00,000",Government
Army College of Medical Science - [ACMS],"New Delhi, Delhi NCR",MBBS,"₹ 5,03,830",,Private
National Institute of Technology - [NIT],"New Delhi, Delhi NCR",BE/B.Tech,"₹ 1,61,600","₹ 58,50,000",Government
NDMC Medical College,"New Delhi, Delhi NCR",MBBS,"₹ 2,25,000",,Government
IMI - International Management Institute,"New Delhi, Delhi NCR",MBA/PGDM,"₹ 22,00,000","₹ 70,95,000",Private
Amity School of Architecture and Planning,"Noida, Uttar Pradesh",B.Arch,"₹ 2,79,000","₹ 17,00,000",Private
FORE School of Management - [FSM],"New Delhi, Delhi NCR",MBA/PGDM,"₹ 20,77,000","₹ 29,00,000",Private
Shivaji College,"New Delhi, Delhi NCR",BA,"₹ 20,570","₹ 24,00,000",Government
University School of Law and Legal Studies - [USLLS],"New Delhi, Delhi NCR",BA/BBA LLB,"₹ 1,67,500",,Government
"Delhi School of Economics, University of Delhi - [DSE]","New Delhi, Delhi NCR",MA,"₹ 11,751","₹ 26,50,000",Government
Institute of Hotel Management Catering Technology and Applied Nutrition - [IHM],"Meerut, Uttar Pradesh",BHM,"₹ 95,000","₹ 4,20,000",Government
Institute of Hotel Management -[IHM],"Faridabad, Haryana",BHM,"₹ 1,28,915",,Government
"University of Delhi, Department of Financial Studies - [DFS]","New Delhi, Delhi NCR",MBA/PGDM,"₹ 48,500","₹ 32,00,000",Government
Jamia Hamdard University,"New Delhi, Delhi NCR",B.Sc,"₹ 1,15,000","₹ 32,00,000",Government
"Department of Business Economics, University of Delhi - [DBE]","New Delhi, Delhi NCR",BBA/BMS,"₹ 49,850","₹ 24,80,000",Government
Zakir Husain Delhi College,"New Delhi, Delhi NCR",BA,"₹ 19,273",,Government
Dyal Singh Evening College - [DSEC],"New Delhi, Delhi NCR",BA,"₹ 14,700",,Government
World University of Design - [WUD],"Sonepat, Haryana",B.Des,"₹ 3,20,000","₹ 12,50,000",Private
Birla Institute of Management Technology - [BIMTECH],"Greater Noida, Uttar Pradesh",MBA/PGDM,"₹ 14,00,000","₹ 24,43,000",Private
Motilal Nehru College (Evening),"New Delhi, Delhi NCR",BA,"₹ 12,290",,Government
Post Graduate Institute of Medical Education & Research - [PGIMER],"Chandigarh, Chandigarh",Bachelor of Physiotherapy(BPT),"₹ 3,030",,Government
MDI Gurgaon,"Gurgaon, Haryana",Executive MBA,"₹ 16,70,000","₹ 53,60,000",Private
Government Medical College and Hospital - [GMCH],"Chandigarh, Chandigarh",MBBS,"₹ 25,000",,Government
"O.P. Jindal Global University, Jindal Global Law School - [JGLS]","Sonepat, Haryana",BA/BBA LLB,"₹ 7,00,000",,Private
XLRI - Xavier School Of Management Delhi-NCR Campus,"Jhajjar, Haryana",MBA/PGDM,"₹ 25,90,000","₹ 75,00,000",Private
IIM Rohtak Indian Institute of Management,"Rohtak, Haryana",BBA/BMS,"₹ 6,76,045","₹ 36,00,000",Government
Masters' Union,"Gurgaon, Haryana",MBA/PGDM,"₹ 34,00,384","₹ 61,80,000",Private
Punjab Engineering College University of Technology - [PEC],"Chandigarh, Chandigarh",BE/B.Tech,"₹ 2,07,000","₹ 52,00,000",Government
Panjab University - [PU],"Chandigarh, Chandigarh",BA,"₹ 20,885",,Government
Institute of Hotel Management -[IHM],"Faridabad, Haryana",BHM,"₹ 1,28,915",,Government
National Institute of Technology - [NIT],"Kurukshetra, Haryana",BE/B.Tech,"₹ 1,87,000","₹ 64,28,000",Government
Institute of Hotel Management,"Yamuna Nagar, Haryana",Diploma in Hotel Management,"₹ 46,700",,Government
Ambala Institute of Hotel Management - [AIHM],"Ambala, Haryana",BHM,"₹ 1,28,915",,Private
World University of Design - [WUD],"Sonepat, Haryana",B.Des,"₹ 3,20,000","₹ 12,50,000",Private
Pandit Bhagwat Dayal Sharma University of Health Sciences,"Rohtak, Haryana",Bachelor of Physiotherapy(BPT),"₹ 24,125",,Government
Dr. B.R. Ambedkar National Law University -[DBRANLU],"Sonepat, Haryana",BA/BBA LLB,"₹ 1,48,500",,Government
SOIL Institute of Management,"Gurgaon, Haryana",MBA/PGDM,"₹ 15,33,226","₹ 20,70,000",Private
Great Lakes Institute of Management - [GLIM],"Gurgaon, Haryana",MBA/PGDM,"₹ 18,08,000","₹ 22,50,000",Private
Indian Institute of Information Technology - [IIIT],"Sonepat, Haryana",BE/B.Tech,"₹ 2,23,965","₹ 40,00,000",Government
ESIC Medical College,"Faridabad, Haryana",MBBS,"₹ 1,00,000",,Government
Pt Bhagwat Dayal Sharma Post Graduate Institute of Medical Sciences - [PGIMS],"Rohtak, Haryana",Bachelor of Physiotherapy(BPT),"₹ 12,395",,Government
"LM Thapar School of Management, Derabassi","Chandigarh, Chandigarh",MBA/PGDM,"₹ 6,70,000","₹ 24,81,000",Private
O.P. Jindal Global University - [JGU],"Sonepat, Haryana",M.Phil/Ph.D in Arts,"₹ 70,000","₹ 21,00,000",Private
Kurukshetra University - [KUK],"Kurukshetra, Haryana",BA,"₹ 12,690",,Government
Maharishi Markandeshwar - [MMU],"Ambala, Haryana",MBBS,"₹ 18,83,300","₹ 42,00,000",Private
Gurugram University,"Gurgaon, Haryana",MSW,"₹ 20,470",,Government
Manav Rachna International Institute of Research and Studies - [MRIIRS],"Faridabad, Haryana",BE/B.Tech,"₹ 2,00,500","₹ 32,00,000",Private
University Institute of Engineering and Technology -[UIET],"Chandigarh, Chandigarh",BE/B.Tech,"₹ 1,34,860","₹ 25,00,000",Government
Maharshi Dayanand University - [MDU],"Rohtak, Haryana",MA,"₹ 4,962",,Government
Deenbandhu Chhotu Ram University of Science and Technology - [DCRUST],"Sonepat, Haryana",BE/B.Tech,"₹ 60,055",,Government
"University Business School, Panjab University - [UBS]","Chandigarh, Chandigarh",MBA/PGDM,"₹ 23,945","₹ 24,00,000",Government
Kalpana Chawla Government Medical College - [KCGMC],"Karnal, Haryana",MBBS,"₹ 80,000",,Government
Dronacharya College of Engineering - [DCE],"Gurgaon, Haryana",BE/B.Tech,"₹ 1,41,100",,Private
University Institute of Engineering and Technology - [UIET],"Kurukshetra, Haryana",BE/B.Tech,"₹ 1,10,000","₹ 11,40,000",Government
K.R. Mangalam University,"Gurgaon, Haryana",M.Phil/Ph.D in Management,"₹ 1,20,000","₹ 56,60,000",Private
Chandigarh College of Engineering and Technology - [CCET],"Chandigarh, Chandigarh",BE/B.Tech,"₹ 75,998","₹ 6,73,000",Government
IBMR Business School,"Gurgaon, Haryana",MBA/PGDM,"₹ 4,57,500","₹ 15,00,000",Private
"J.C. Bose University Of Science And Technology, YMCA","Faridabad, Haryana",BE/B.Tech,"₹ 1,12,866","₹ 47,00,000",Government
BPS Govt. Medical College for Women,"Sonepat, Haryana",MBBS,"₹ 1,03,050",,Government
National Institute of Technical Teachers Training and Research - [NITTTR],"Chandigarh, Chandigarh",ME/M.Tech,"₹ 75,500",,Government
Government Industrial Training Institute - [GITI],"Chandigarh, Chandigarh",Certificate in Engineering,,,Government
Indo Swiss Training Centre - [ISTC],"Chandigarh, Chandigarh",Graduate Diploma in Engineering,"₹ 20,000","₹ 9,00,000",Government
DAV Centenary College,"Faridabad, Haryana",B.Com,"₹ 31,269",,Private
"Manav Rachna University, Faculty of Engineering","Faridabad, Haryana",BE/B.Tech,"₹ 52,40,000","₹ 34,00,000",Private
"University Institute of Engineering and Technology, Maharshi Dayanand University - [UIET]","Rohtak, Haryana",BE/B.Tech,"₹ 87,092",,Government
Central University of Haryana - [CUH],"Mahendragarh, Haryana",B.Sc,"₹ 18,616",,Government
IILM Institute for Business & Management [IILM-IBM],"Gurgaon, Haryana",BBA/BMS,"₹ 3,40,000","₹ 10,00,000",Private
Chaudhary Charan Singh Haryana Agricultural University - [CCSHAU],"Hisar, Haryana",M.Phil/Ph.D in Science,"₹ 25,225",,Government
IITT Institutions,"Chandigarh, Chandigarh",BE/B.Tech,"₹ 1,00,200",,Private
ICL Institute of Engineering and Technology,"Ambala, Haryana",BE/B.Tech,"₹ 85,000",,Private
IIT Mandi- Indian Institute of Technology - [IITM],"Mandi, Himachal Pradesh",BE/B.Tech,"₹ 2,19,000","₹ 65,00,000",Government
All India Institute of Medical Sciences - [AIIMS],"Bilaspur, Himachal Pradesh",MBBS,"₹ 1,628",,Government
IIM Sirmaur,"Sirmaur, Himachal Pradesh",BBA/BMS,"₹ 22,93,000","₹ 64,12,000",Government
Indira Gandhi Medical College - [IGMC],"Shimla, Himachal Pradesh",MBBS,"₹ 60,000",,Government
School of Management - IIT Mandi - [SOMIIT],"Mandi, Himachal Pradesh",MBA/PGDM,"₹ 4,07,000",,Government
National Institute of Technology - [NIT],"Hamirpur, Himachal Pradesh",BE/B.Tech,"₹ 1,80,200","₹ 58,00,000",Government
Indian Institute of Information Technology - [IIIT],"Una, Himachal Pradesh",BE/B.Tech,"₹ 2,75,000","₹ 30,00,000",Government
Dr Rajendra Prasad Government Medical College - [RPGMC],"Kangra, Himachal Pradesh",MBBS,"₹ 60,000",,Government
Shoolini University,"Solan, Himachal Pradesh",BE/B.Tech,"₹ 2,60,000","₹ 42,00,000",Private
Shri Lal Bahadur Shastri Government Medical College & Hospital - [SLBS MC],"Mandi, Himachal Pradesh",MBBS,"₹ 60,000",,Government
Dr. Y. S. Parmar Medical College Nahan,"Sirmaur, Himachal Pradesh",MBBS,"₹ 60,000",,Government
Pt. Jawahar Lal Nehru Government Medical College and Hospital - [GMCH],"Chamba, Himachal Pradesh",MBBS,"₹ 60,000",,Government
Dr. Radhakrishnan Govt. Medical College,"Hamirpur, Himachal Pradesh",MBBS,"₹ 60,000",,Government
Himachal Pradesh University - [HPU],"Shimla, Himachal Pradesh",MA,"₹ 3,234",,Government
Abhilashi University - [AU],"Mandi, Himachal Pradesh",Diploma in Pharmacy,"₹ 2,10,000","₹ 4,00,000",Private
Arni University,"Kangra, Himachal Pradesh",B.Sc,"₹ 30,000",,Private
Maharaja Agrasen University - [MAU],"Solan, Himachal Pradesh",BE/B.Tech,"₹ 1,33,800",,Private
Eternal University - [EU],"Sirmaur, Himachal Pradesh",B.Sc,"₹ 53,300","₹ 3,00,000",Private
Manav Bharti University - [MBU],"Solan, Himachal Pradesh",BA,"₹ 25,000",,Private
Jawaharlal Nehru Government Engineering College - [JNGEC],"Sundarnagar, Himachal Pradesh",BE/B.Tech,"₹ 60,000",,Government
Career Point University - [CPU],"Hamirpur, Himachal Pradesh",B.Sc,"₹ 48,000","₹ 66,00,000",Private
Maharishi Markandeshwar - [MMU],"Solan, Himachal Pradesh",MBBS,"₹ 8,62,000",,Private
Atal Medical and Research University - [AMRU],"Mandi, Himachal Pradesh",MBBS,"₹ 60,000",,Government
St Bede's College,"Shimla, Himachal Pradesh",BA,"₹ 26,988",,Private
APG Shimla University,"Shimla, Himachal Pradesh",BA/BBA LLB,"₹ 84,000","₹ 25,70,000",Private
KC Group of Institutions,"Una, Himachal Pradesh",BE/B.Tech,"₹ 2,74,000",,Private
Chitkara University,"Solan, Himachal Pradesh",BE/B.Tech,"₹ 1,80,000","₹ 1,11,00,000",Private
Institute of Hotel Management Catering and Nutrition - [IHM],"Shimla, Himachal Pradesh",BHM,"₹ 1,29,415",,Government
Bhojia Dental College and Hospital,"Baddi, Himachal Pradesh",BDS,"₹ 2,02,387",,Private
Indus International University - [IIU],"Una, Himachal Pradesh",M.Sc,"₹ 62,000",,Private
LR Institute of Engineering and Technology,"Solan, Himachal Pradesh",BE/B.Tech,"₹ 2,96,000",,Private
"Faculty of Pharmaceutical Sciences, Shoolini University","Solan, Himachal Pradesh",B.Pharm,"₹ 1,83,500",,Private
Himachal Institute of Engineering and Technology - [HIET],"Kangra, Himachal Pradesh",BE/B.Tech,"₹ 73,000",,Private
"Faculty of Engineering and Technology, Shoolini University","Solan, Himachal Pradesh",BE/B.Tech,"₹ 2,60,000","₹ 42,00,000",Private
Dr YS Parmar University of Horticulture and Forestry - [YSPUHF],"Solan, Himachal Pradesh",B.Sc (Agriculture),"₹ 68,500",,Government
Maharana Pratap Government College - [MPGC],"Una, Himachal Pradesh",MA,₹ 725,,Government
Chaudhary Sarwan Kumar Himachal Pradesh Krishi Vishvavidyalaya - [CSK HPKV],"Palampur, Himachal Pradesh",B.Sc (Agriculture),"₹ 43,818",,Government
Himalayan Institute of Management,"Sirmaur, Himachal Pradesh",MBA/PGDM,"₹ 72,000",,Private
Jaypee University of Information Technology - [JUIT],"Solan, Himachal Pradesh",BE/B.Tech,"₹ 3,66,000","₹ 50,00,000",Private
Himalayan Group of Professional Institutions,"Sirmaur, Himachal Pradesh",BE/B.Tech,"₹ 92,570","₹ 20,00,000",Private
Bahra University - [BU],"Solan, Himachal Pradesh",BE/B.Tech,"₹ 1,65,000","₹ 1,25,00,000",Private
Baddi University of Emerging Sciences and Technologies - [BUEST],"Baddi, Himachal Pradesh",BE/B.Tech,"₹ 1,40,000","₹ 1,50,00,000",Private
"University Institute of Information Technology, Himachal Pradesh University - [UIIT]","Shimla, Himachal Pradesh",BE/B.Tech,"₹ 1,22,010","₹ 8,00,000",Government
ICFAI University,"Baddi, Himachal Pradesh",B.Sc,"₹ 36,800",,Private
Rajiv Gandhi govt. Engineering college -[RGGEC],"Kangra, Himachal Pradesh",BE/B.Tech,"₹ 56,870",,Government
Govt College of Teacher Education - [GCTE],"Kangra, Himachal Pradesh",B.Ed,"₹ 10,000",,Government
Central University of Himachal Pradesh - [CUHP],"Kangra, Himachal Pradesh",MSW,"₹ 23,600",,Government
Himachal Pradesh University Business School - [HPUBS],"Shimla, Himachal Pradesh",BBA/BMS,"₹ 25,000",,Government
Heritage Institute of Hotel and Tourism - [HIHT],"Shimla, Himachal Pradesh",BHM,"₹ 3,30,000",,Private
LR Group of Institutes,"Solan, Himachal Pradesh",BE/B.Tech,"₹ 85,820","₹ 8,00,000",Private
IIT Roorkee - Indian Institute of Technology - [IITR],"Roorkee, Uttarakhand",BE/B.Tech,"₹ 2,24,100","₹ 1,30,00,000",Government
All India Institute of Medical Sciences - [AIIMS],"Rishikesh, Uttarakhand",MBBS,"₹ 5,356","₹ 24,10,000",Government
Indian Institute of Management - [IIM],"Kashipur, Uttarakhand",MBA/PGDM,"₹ 10,17,000","₹ 29,86,000",Government
"Department of Management Studies, Indian Institute of Technology - [DOMS]","Roorkee, Uttarakhand",Executive MBA,"₹ 5,96,250","₹ 24,00,000",Government
National Institute of Technology - [NIT] Uttarakhand,"Srinagar Garhwal, Uttarakhand",BE/B.Tech,"₹ 1,62,043","₹ 12,50,000",Government
IMS Unison University - [IUU],"Dehradun, Uttarakhand",BA/BBA LLB,"₹ 1,22,000","₹ 41,62,000",Private
Roorkee Institute of Technology - [RIT],"Roorkee, Uttarakhand",BE/B.Tech,"₹ 1,09,900","₹ 18,00,000",Private
"UPES, School of Business","Dehradun, Uttarakhand",MBA/PGDM,"₹ 8,42,000","₹ 29,00,000",Private
Uttaranchal Institute of Technology - [UIT],"Dehradun, Uttarakhand",BE/B.Tech,"₹ 2,93,600",,Private
Government Doon Medical College - [GDMC],"Dehradun, Uttarakhand",MBBS,"₹ 1,65,500",,Government
"Graphic Era University, School of Engineering and Technology - [GEU]","Dehradun, Uttarakhand",BE/B.Tech,"₹ 3,22,900","₹ 61,99,000",Private
DIT University - [DIT],"Dehradun, Uttarakhand",BE/B.Tech,"₹ 2,40,300","₹ 58,00,000",Private
Uttaranchal University,"Dehradun, Uttarakhand",B.Sc,"₹ 1,41,980","₹ 1,50,00,000",Private
Tula's Institute,"Dehradun, Uttarakhand",BE/B.Tech,"₹ 1,86,000","₹ 36,50,000",Private
Government Medical College,"Haldwani, Uttarakhand",MBBS,"₹ 1,67,000",,Government
Graphic Era University - [GEU],"Dehradun, Uttarakhand",BE/B.Tech,"₹ 3,23,400","₹ 61,99,000",Private
Shivalik College of Engineering - [SCE],"Dehradun, Uttarakhand",BE/B.Tech,"₹ 1,43,900","₹ 42,00,000",Private
ICFAI Business School - [IBS],"Dehradun, Uttarakhand",MBA/PGDM,"₹ 7,02,000","₹ 10,70,000",Private
MotherHood University,"Roorkee, Uttarakhand",B.Sc,"₹ 37,000",,Private
Maya Devi University - [MDU],"Dehradun, Uttarakhand",B.Sc,"₹ 66,000","₹ 43,60,000",Private
Maharaja Agrasen Himalayan Garhwal University - [MAHGU],"Garhwal, Uttarakhand",BA,"₹ 20,000",,Private
Veer Chandra Singh Garhwali Government Institute Of Medical Science and Research- [VCSGGMS & RI],"Srinagar, Uttarakhand",MBBS,"₹ 2,25,000",,Government
Quantum University,"Roorkee, Uttarakhand",BE/B.Tech,"₹ 1,72,500","₹ 33,50,000",Private
"UPES, School of Engineering","Dehradun, Uttarakhand",BE/B.Tech,"₹ 2,82,000","₹ 1,30,00,000",Private
Dev Bhoomi Uttarakhand University - [DBUU],"Dehradun, Uttarakhand",BE/B.Tech,"₹ 1,52,400","₹ 40,00,000",Private
Institute of Technology and Management - [ITM],"Dehradun, Uttarakhand",BA,"₹ 43,000","₹ 14,00,000",Private
Shri Guru Ram Rai University - [SGRRU],"Dehradun, Uttarakhand",B.Sc,"₹ 40,050","₹ 12,00,000",Private
Himalayan Institute of Medical Sciences - [HIMS],"Dehradun, Uttarakhand",MBBS,"₹ 23,57,000",,Private
Ras Bihari Bose Subharti University,"Dehradun, Uttarakhand",B.Sc,"₹ 2,40,000",,Private
DAV PG College Dehradun,"Dehradun, Uttarakhand",BA,"₹ 30,000",,Private
DAV PG College Dehradun,"Dehradun, Uttarakhand",BA,"₹ 30,000",,Private
Bhagwant Global University,"Garhwal, Uttarakhand",B.Sc,"₹ 34,750",,Private
Govind Ballabh Pant University of Agriculture and Technology,"Pantnagar, Uttarakhand",BE/B.Tech,"₹ 61,024",,Government
Culinary College of Hotel Management and Catering Technology - [CCHMCT],"Dehradun, Uttarakhand",BHM,"₹ 70,000",,Private
DBS Global University,"Dehradun, Uttarakhand",MBA/PGDM,"₹ 4,67,000","₹ 24,00,000",Private
Graphic Era Hill University - [GEHU],"Dehradun, Uttarakhand",MBA/PGDM,"₹ 4,12,500","₹ 47,88,000",Private
Institute of Hotel Management Catering Technology & Applied Nutrition - [IHM],"Dehradun, Uttarakhand",BHM,"₹ 1,25,915","₹ 2,40,000",Government
Graphic Era Hill University Bhimtal Campus - [GEHU],"Bhimtal, Uttarakhand",BE/B.Tech,"₹ 2,20,500","₹ 47,88,000",Private
Shri Guru Ram Rai Institute of Medical and Health Sciences,"Dehradun, Uttarakhand",MBBS,"₹ 21,85,000",,Private
Law College Dehradun - [LCD],"Dehradun, Uttarakhand",LLB,"₹ 1,64,850",,Private
B.S.M. P.G. College - [BSMPGC],"Roorkee, Uttarakhand",MA,"₹ 5,000",,Private
Dayanand Women's Training College,"Dehradun, Uttarakhand",B.Ed,"₹ 3,046",,Private
Doon Institute of Education,"Dehradun, Uttarakhand",B.Ed,"₹ 55,000",,Private
Directorate of Coldwater Fisheries Research,"Nainital, Uttarakhand",M.Phil/Ph.D in Arts,,,Government
Dolphin PG Institute of BioMedical & Natural Sciences,"Dehradun, Uttarakhand",B.Sc,"₹ 1,08,000",,Private
Forest Research Institute - [FRI],"Dehradun, Uttarakhand",M.Sc,"₹ 43,000",,Government
Wildlife Institute of India - [WII],"Dehradun, Uttarakhand",PG Diploma in Science,"₹ 12,10,000",,Government
Doon Valley College of Education - [DVCE],"Dehradun, Uttarakhand",B.Ed,"₹ 45,000",,Private
Uttaranchal Institute of Management,"Dehradun, Uttarakhand",MBA/PGDM,"₹ 3,14,048",,Private
"College of Technology, GB Pant University of Agriculture & Technology","Pantnagar, Uttarakhand",BE/B.Tech,"₹ 57,164","₹ 6,00,000",Government
National Law University - [NLU],"Jodhpur, Rajasthan",BA/BBA LLB,"₹ 3,00,000",,Government
BITS Pilani (Pilani Campus),"Pilani, Rajasthan",ME/M.Tech,"₹ 6,38,175","₹ 60,75,000",Private
All India Institute of Medical Sciences - [AIIMS],"Jodhpur, Rajasthan",MBBS,"₹ 24,102",,Government
IIT Jodhpur - Indian Institute of Technology - [IITJ],"Jodhpur, Rajasthan",BE/B.Tech,"₹ 2,54,800","₹ 53,00,000",Government
Indian Institute of Management - [IIMU],"Udaipur, Rajasthan",MBA/PGDM,"₹ 23,17,260","₹ 47,66,000",Government
SMS Medical College - [SMSMC],"Jaipur, Rajasthan",MBBS,"₹ 1,25,300",,Government
Manipal University - [MUJ],"Jaipur, Rajasthan",BE/B.Tech,"₹ 3,50,000","₹ 88,00,000",Private
Malaviya National Institute of Technology - [MNIT],"Jaipur, Rajasthan",BE/B.Tech,"₹ 3,45,187","₹ 64,00,000",Government
"Department of Management, BITS","Pilani, Rajasthan",MBA/PGDM,"₹ 6,38,175","₹ 27,00,000",Private
RUHS College of Medical Sciences,"Jaipur, Rajasthan",MBBS,"₹ 1,25,246",,Government
Sardar Patel Medical College - [SPMC],"Bikaner, Rajasthan",MBBS,"₹ 1,25,300",,Government
Banasthali Vidyapith,"Jaipur, Rajasthan",B.Sc,"₹ 89,000","₹ 5,20,000",Private
Dr SN Medical College & Hospital,"Jodhpur, Rajasthan",MBBS,"₹ 1,25,300",,Government
The LNM Institute of Information Technology - [LNMIIT],"Jaipur, Rajasthan",BE/B.Tech,"₹ 5,31,400","₹ 1,24,00,000",Private
SS Jain Subodh PG College,"Jaipur, Rajasthan",B.Sc,"₹ 25,500",,Private
Indian Institute of Information Technology - [IIIT-K],"Kota, Rajasthan",BE/B.Tech,"₹ 2,46,425","₹ 65,00,000",Government
RNT Medical College,"Udaipur, Rajasthan",MBBS,"₹ 1,25,246",,Government
Jawaharlal Nehru Medical College - [JLN],"Ajmer, Rajasthan",MBBS,"₹ 1,25,265",,Government
Vivekananda Global University - [VGU],"Jaipur, Rajasthan",BE/B.Tech,"₹ 1,85,000","₹ 46,00,000",Private
"Department of Management Studies, MNIT - [DMS MNIT]","Jaipur, Rajasthan",MBA/PGDM,"₹ 1,71,287","₹ 16,00,000",Government
Rajasthan University of Health Sciences - [RUHS],"Jaipur, Rajasthan",Bachelor of Physiotherapy(BPT),"₹ 85,000",,Government
Government Medical College,"Kota, Rajasthan",MBBS,"₹ 1,19,300",,Government
IIHMR University,"Jaipur, Rajasthan",MBA/PGDM,"₹ 12,50,000","₹ 35,60,000",Private
Biyani Group of Colleges,"Jaipur, Rajasthan",B.Sc,"₹ 75,000","₹ 18,00,000",Private
Mahatma Gandhi Medical College and Hospital,"Jaipur, Rajasthan",MBBS,"₹ 22,50,000",,Private
Jhalawar Hospital & Medical College,"Jhalawar, Rajasthan",MBBS,"₹ 1,25,246",,Government
Jai Narain Vyas University - [JNVU],"Jodhpur, Rajasthan",BA,"₹ 2,570",,Government
Government Medical College,"Pali, Rajasthan",MBBS,"₹ 1,25,246",,Government
St Wilfred's PG College,"Jaipur, Rajasthan",B.Sc,"₹ 54,500",,Private
NIMS University,"Jaipur, Rajasthan",MBBS,"₹ 25,80,000","₹ 6,00,000",Private
Government Medical College - [GMC],"Bharatpur, Rajasthan",MBBS,"₹ 1,25,246",,Government
Government Medical College,"Barmer, Rajasthan",MBBS,"₹ 5,09,362",,Government
Government Medical College - [GMC],"Dungarpur, Rajasthan",MBBS,"₹ 1,25,246",,Government
Taxila Business School - [TBS],"Jaipur, Rajasthan",MBA/PGDM,"₹ 9,60,000","₹ 25,80,000",Private
Government Medical College,"Bhilwara, Rajasthan",MBBS,"₹ 70,340",,Government
Mody University,"Sikar, Rajasthan",BE/B.Tech,"₹ 2,29,000","₹ 32,88,000",Private
"Sangam University, School of Management Studies","Bhilwara, Rajasthan",MBA/PGDM,"₹ 1,38,500",,Private
Government Medical College,"Churu, Rajasthan",MBBS,"₹ 1,25,246",,Government
Government Medical College,"Sriganganagar, Rajasthan",MBBS,"₹ 1,25,246",,Government
Government Medical College,"Alwar, Rajasthan",MBBS,"₹ 1,25,246",,Government
Government Medical College,"Alwar, Rajasthan",MBBS,"₹ 1,25,246",,Government
Government Medical College,"Chittorgarh, Rajasthan",MBBS,"₹ 1,25,246",,Government
UNIRAJ- University of Rajasthan,"Jaipur, Rajasthan",BA,"₹ 2,320",,Government
Government Medical College,"Dausa, Rajasthan",MBBS,"₹ 1,25,246",,Government
Government Medical College,"Sirohi, Rajasthan",MBBS,"₹ 1,25,246",,Government
Government Medical College,"Bundi, Rajasthan",MBBS,"₹ 1,25,246",,Government
VGU Faculty of Engineering & Technology - [FENT],"Jaipur, Rajasthan",BE/B.Tech,"₹ 2,10,000","₹ 54,00,000",Private
Government Medical College,"Dholpur, Rajasthan",MBBS,"₹ 1,25,246",,Government
Government Medical College,"Karauli, Rajasthan",MBBS,"₹ 1,25,246",,Government
Ananta Institute of Hotel Management & Allied studies - [AIHMAS],"Jaipur, Rajasthan",BHM,"₹ 4,40,000",,Private
IIT Patna - Indian Institute of Technology - [IITP],"Patna, Bihar",BE/B.Tech,"₹ 2,73,250","₹ 1,62,00,000",Government
All India Institute of Medical Sciences - [AIIMS],"Patna, Bihar",MBBS,"₹ 5,856",,Government
National Institute of Technology - [NITP],"Patna, Bihar",BE/B.Tech,"₹ 1,88,500","₹ 41,37,000",Government
Indian Institute of Management - [IIMBG],"Gaya, Bihar",MBA/PGDM,"₹ 8,00,000","₹ 22,00,000",Government
Indian Institute of Information Technology - [IIIT],"Bhagalpur, Bihar",BE/B.Tech,"₹ 2,94,738","₹ 83,00,000",Government
Patna Medical College & Hospital - [PMCH],"Patna, Bihar",MBBS,"₹ 9,500",,Government
Ambedkar Institute of Higher Education - [AIHE],"Patna, Bihar",B.Sc (Nursing),"₹ 7,00,575",,Private
Vardhman Institute of Medical Sciences - [VIMS],"Nalanda, Bihar",MBBS,"₹ 29,800",,Government
Institute of Hotel Management - [IHM],"Hajipur, Bihar",BHM,"₹ 1,30,725",,Government
Institute of Hotel Management - [IHM],"Gaya, Bihar",BHM,"₹ 1,22,500",,Government
Indira Gandhi Institute of Medical Sciences - [IGIMS],"Patna, Bihar",MBBS,"₹ 70,000",,Government
Birla Institute of Technology - [BIT],"Patna, Bihar",BE/B.Tech,"₹ 4,34,000","₹ 34,40,000",Private
Nalanda Medical College - [NMCH],"Patna, Bihar",MBBS,"₹ 27,600",,Government
Muzaffarpur Institute of Technology - [MIT],"Muzaffarpur, Bihar",BE/B.Tech,"₹ 5,530","₹ 9,00,000",Government
Darbhanga Medical College,"Darbhanga, Bihar",MBBS,"₹ 1,02,150",,Government
Bhagalpur College of Engineering - [BCE],"Bhagalpur, Bihar",BE/B.Tech,"₹ 1,12,500","₹ 13,00,000",Government
Bakhtiyarpur College of Engineering - [BCE],"Patna, Bihar",BE/B.Tech,,,Government
Jawaharlal Nehru Medical College - [JLNMC],"Bhagalpur, Bihar",MBBS,"₹ 40,800",,Government
Shri Krishna Medical College - [SKMC],"Muzaffarpur, Bihar",MBBS,"₹ 49,800",,Government
Chandragupt Institute of Management - [CIMP],"Patna, Bihar",MBA/PGDM,"₹ 3,85,000","₹ 16,42,000",Private
ESIC Medical College,"Bihta, Bihar",MBBS,"₹ 1,11,200",,Government
Anugrah Narayan Magadh Medical College and Hospital - [ANMMCH],"Gaya, Bihar",MBBS,"₹ 27,000",,Government
Government Medical College - [GMC],"Bettiah, Bihar",MBBS,"₹ 58,500",,Government
Amity University,"Patna, Bihar",B.Sc,"₹ 1,16,000","₹ 50,00,000",Private
"Government Medical College and Hospital , Purnea","Purnea, Bihar",MBBS,,,Government
Gaya College of Engineering,"Gaya, Bihar",BE/B.Tech,"₹ 70,630","₹ 7,50,000",Government
Darbhanga College of Engineering - [DCE],"Darbhanga, Bihar",BE/B.Tech,"₹ 29,130","₹ 17,39,000",Government
Aryabhatta Knowledge University - [AKU],"Patna, Bihar",Bachelor of Physiotherapy(BPT),"₹ 1,00,000",,Government
Gopal Narayan Singh University - [GNSU],"Sasaram, Bihar",Bachelor of Physiotherapy(BPT),"₹ 1,19,500",,Private
Mata Gujri University,"Kishanganj, Bihar",B.Pharm,"₹ 1,21,000",,Private
Katihar Medical College - [KMC],"Katihar, Bihar",MBBS,"₹ 14,05,000",,Private
Narayan Medical College & Hospital - [NMCH],"Rohtas, Bihar",MBBS,"₹ 14,75,000",,Private
Mata Gujri Memorial Medical College & Lions Seva Kendra Hospital,"Kishanganj, Bihar",MBBS,"₹ 11,13,000",,Private
RDJM Medical College & Hospital,"Muzaffarpur, Bihar",MBBS,"₹ 13,90,000",,Private
Madhubani Medical College -[MMC],"Madhubani, Bihar",MBBS,"₹ 54,00,000",,Private
Netaji Subhas Medical College & Hospital - [NSMCH],"Patna, Bihar",MBBS,"₹ 19,46,200",,Private
Shree Narayan Medical Institute & Hospital,"Saharsa, Bihar",MBBS,"₹ 16,00,000",,Private
National Institute of Fashion Technology - [NIFT] Patna,"Patna, Bihar",B.Des,"₹ 3,47,900",,Government
Jai Prakash University,"Chapra, Bihar",MA,"₹ 3,846",,Government
Patna Law College,"Patna, Bihar",LLB,"₹ 2,220",,Government
Marwari College,"Bhagalpur, Bihar",BA,"₹ 1,196","₹ 7,00,000",Private
Langat Singh College - [LS],"Muzaffarpur, Bihar",BA,₹ 855,"₹ 5,00,000",Private
Katihar Engineering College - [KEC],"Katihar, Bihar",BE/B.Tech,,,Government
Nalanda College of Engineering - [NCE],"Chandi, Bihar",BE/B.Tech,"₹ 13,920","₹ 8,60,000",Government
Purnea College of Engineering - [PCE],"Purnea, Bihar",BE/B.Tech,,,Government
Motihari College of Engineering - [MCE],"Motihari, Bihar",BE/B.Tech,"₹ 1,05,000",,Government
H.D. Jain College,"Arrah, Bihar",BA,"₹ 1,800",,Private
Sityog Institute of Technology,"Aurangabad, Bihar",Polytechnic,"₹ 1,20,000","₹ 5,70,000",Private
Government College of Engineering - [GEC],"Bhojpur, Bihar",BE/B.Tech,,,Government
Sitamarhi Institute of Technology - [SIT],"Sitamarhi, Bihar",BE/B.Tech,,,Government
IIMA - Indian Institute of Management,"Ahmedabad, Gujarat",MBA/PGDM,"₹ 27,50,000","₹ 76,50,000",Government
B. J. Medical College - [BJMC],"Ahmedabad, Gujarat",MBBS,"₹ 25,000",,Government
IIT Gandhinagar - Indian Institute of Technology - [IITG],"Gandhinagar, Gujarat",BE/B.Tech,"₹ 2,29,426",,Government
Gujarat National Law University - [GNLU],"Silvassa, Gujarat",BA/BBA LLB,"₹ 2,16,000",,Government
Nirma University,"Ahmedabad, Gujarat",BE/B.Tech,"₹ 2,45,800","₹ 88,20,000",Private
MICA Ahmedabad,"Ahmedabad, Gujarat",Graduate Certificate in Management,"₹ 11,00,000","₹ 40,91,500",Private
Sardar Vallabhbhai National Institute of Technology - [SVNIT],"Surat, Gujarat",BE/B.Tech,"₹ 1,85,000","₹ 62,00,000",Government
"Institute of Law, Nirma University - [ILNU]","Ahmedabad, Gujarat",BA/BBA LLB,"₹ 4,00,700","₹ 19,50,000",Private
All India Institute of Medical Sciences - [AIIMS],"Rajkot, Gujarat",MBBS,"₹ 25,856",,Government
Medical College Baroda,"Vadodara, Gujarat",MBBS,"₹ 29,325",,Government
Institute of Rural Management - [IRMA],"Anand, Gujarat",MBA/PGDM,"₹ 10,74,508","₹ 31,16,000",Private
Ganpat University - [GUNI],"Mehsana, Gujarat",BE/B.Tech,"₹ 1,40,000","₹ 12,00,000",Private
Government Medical College,"Surat, Gujarat",MBBS,"₹ 25,000",,Government
Dhirubhai Ambani Institute of Information and Communication Technology - [DA-IICT],"Gandhinagar, Gujarat",BE/B.Tech,"₹ 3,87,000","₹ 53,00,000",Private
Parul University,"Vadodara, Gujarat",B.Sc,"₹ 1,02,300","₹ 45,98,000",Private
Indian Institute of Information Technology - [IIIT],"Surat, Gujarat",BE/B.Tech,"₹ 2,12,500","₹ 74,00,000",Government
Indian Institute of Information Technology Vadodara - [IIIT-V],"Gandhinagar, Gujarat",BE/B.Tech,"₹ 2,90,220","₹ 56,30,000",Government
"Institute of Management, Nirma University","Ahmedabad, Gujarat",MBA/PGDM,"₹ 6,66,000","₹ 70,00,000",Private
P.P. Savani University,"Surat, Gujarat",BE/B.Tech,"₹ 97,650","₹ 78,00,000",Private
Pandit Deendayal Upadhyay Medical College - [PDUMC],"Rajkot, Gujarat",MBBS,"₹ 25,000",,Government
Hargovandas Lakhmichand College of Commerce (H L College of Commerce),"Ahmedabad, Gujarat",B.Com,"₹ 40,000","₹ 30,000",Government
"Institute of Architecture & Planning, Nirma University","Ahmedabad, Gujarat",B.Arch,"₹ 1,52,200",,Private
Institute of Hotel Management - [IHM],"Ahmedabad, Gujarat",BHM,"₹ 4,00,000",,Government
"Institute of Technology, Nirma University","Ahmedabad, Gujarat",BE/B.Tech,"₹ 2,72,200","₹ 52,69,000",Private
Veer Narmad South Gujarat University - [VNSGU],"Surat, Gujarat",B.Sc,"₹ 34,435",,Government
Sardar Patel University - [SPU],"Vallabh Vidyanagar, Gujarat",M.Sc,"₹ 89,907","₹ 6,00,000",Government
Hemchandracharya North Gujarat University - [HNGU],"Patan, Gujarat",MA,"₹ 26,130",,Government
Saurashtra University,"Rajkot, Gujarat",B.Sc,,,Government
Indus University,"Ahmedabad, Gujarat",BE/B.Tech,"₹ 1,10,600","₹ 30,00,000",Private
Government Medical College,"Bhavnagar, Gujarat",MBBS,"₹ 41,150",,Government
Narayana Business School - [NBS],"Ahmedabad, Gujarat",MBA/PGDM,"₹ 9,85,000","₹ 20,00,000",Private
Namo Medical Education & Research Institute,"Silvassa, Gujarat",MBBS,"₹ 58,100",,Government
Dharmsinh Desai University - [DDU],"Nadiad, Gujarat",BE/B.Tech,"₹ 1,85,000","₹ 25,00,000",Private
Sarvajanik University,"Surat, Gujarat",B.Sc,"₹ 49,750","₹ 23,00,000",Private
Charutar Vidya Mandal University - [CVM University] Anand,"Vallabh Vidyanagar, Gujarat",B.Sc,"₹ 1,86,000","₹ 15,40,000",Private
LJ University - [ LJU],"Ahmedabad, Gujarat",BE/B.Tech,"₹ 1,03,000","₹ 15,00,000",Private
"Faculty of Management Studies, The Maharaja Sayajirao University of Baroda","Vadodara, Gujarat",MBA/PGDM,"₹ 45,100",,Government
Maharaja Sayajirao University of Baroda - [MSU],"Vadodara, Gujarat",MSW,"₹ 10,900",,Government
L.D. College of Engineering - [LDCE],"Ahmedabad, Gujarat",BE/B.Tech,"₹ 1,280","₹ 10,00,000",Government
"Pandit Deendayal Energy University, School of Technology - [PDEU SOT]","Gandhinagar, Gujarat",BE/B.Tech,"₹ 2,53,000","₹ 42,00,000",Private
Institute of Infrastructure Technology Research and Management - [IITRAM],"Ahmedabad, Gujarat",BE/B.Tech,"₹ 1,28,000",,Government
Vishwakarma Government Engineering College - [VGEC],"Ahmedabad, Gujarat",BE/B.Tech,"₹ 1,500","₹ 23,00,000",Government
"Faculty of Technology and Engineering, Maharaja Sayajirao University of Baroda","Vadodara, Gujarat",BE/B.Tech,"₹ 1,05,000","₹ 11,00,000",Government
B K School of Business Management,"Ahmedabad, Gujarat",MBA/PGDM,"₹ 20,000",,Government
Indubhai Parekh School of Architecture - [IPSA],"Rajkot, Gujarat",B.Arch,"₹ 1,29,000",,Private
SAL Education Campus,"Ahmedabad, Gujarat",BE/B.Tech,"₹ 64,000",,Private
Sumandeep Vidyapeeth,"Vadodara, Gujarat",MBBS,"₹ 23,00,000","₹ 10,00,000",Private
Shri Govind Guru University - [SGGU],"Godhra, Gujarat",BA,"₹ 1,465",,Government
R.H. Patel Institute of Management,"Kheda, Gujarat",MBA/PGDM,"₹ 56,000",,Private
GIDC Rajju Shroff Rofel Institute of Management Studies,"Vapi, Gujarat",MBA/PGDM,"₹ 92,200",,Private
All India Institute of Medical Sciences - [AIIMS],"Bhopal, Madhya Pradesh",MBBS,"₹ 4,788",,Government
IIMI - Indian Institute of Management,"Indore, Madhya Pradesh",BBA/BMS,"₹ 5,50,679","₹ 70,00,000",Government
IIT Indore - Indian Institute of Technology - [IITI],"Indore, Madhya Pradesh",ME/M.Tech,"₹ 1,14,600","₹ 68,00,000",Government
Atal Bihari Vajpayee Indian Institute of Information Technology and Management - [ABVIIITM],"Gwalior, Madhya Pradesh",BE/B.Tech,"₹ 2,16,250","₹ 65,00,000",Government
Maulana Azad National Institute of Technology - [MANIT],"Bhopal, Madhya Pradesh",BE/B.Tech,"₹ 1,55,400","₹ 82,00,000",Government
IPS Academy,"Indore, Madhya Pradesh",BE/B.Tech,"₹ 1,26,700","₹ 4,00,00,000",Private
Indian Institute of Information Technology Design and Manufacturing - [IIITDM],"Jabalpur, Madhya Pradesh",BE/B.Tech,"₹ 1,74,000","₹ 1,10,00,000",Government
Indian Institute of Information Technology -[IIIT],"Bhopal, Madhya Pradesh",BE/B.Tech,"₹ 2,68,254","₹ 85,00,000",Government
Institute of Hotel Management - [IHM],"Gwalior, Madhya Pradesh",BHM,"₹ 1,25,915",,Government
Dharmashastra National Law University - [MPDNLU],"Jabalpur, Madhya Pradesh",BA/BBA LLB,"₹ 2,61,653",,Government
Mahatma Gandhi Memorial Medical College - [MGMMC],"Indore, Madhya Pradesh",MBBS,"₹ 1,18,000",,Government
Institute of Hotel Management - [IHM],"Bhopal, Madhya Pradesh",BHM,"₹ 1,58,075",,Government
Indian Institute of Forest Management - [IIFM],"Bhopal, Madhya Pradesh",MBA/PGDM,"₹ 7,38,000","₹ 20,50,000",Government
Sophia Homeopathic Medical College and Research Center,"Gwalior, Madhya Pradesh",BHMS,"₹ 3,15,000",,Private
Gandhi Medical College,"Bhopal, Madhya Pradesh",MBBS,"₹ 1,16,255",,Government
St Aloysius College,"Jabalpur, Madhya Pradesh",B.Sc,"₹ 24,545",,Private
Dr. Hari singh Gour University,"Sagar, Madhya Pradesh",BA,"₹ 8,160","₹ 4,25,000",Government
Shri Govindram Seksaria Institute of Technology and Science- [SGSITS],"Indore, Madhya Pradesh",BE/B.Tech,"₹ 1,06,050","₹ 72,50,000",Private
Sri Aurobindo Institute of Medical Sciences - [SAIMS],"Indore, Madhya Pradesh",MBBS,"₹ 16,25,700",,Private
Prestige Institute of Management and Research - [PIMR],"Indore, Madhya Pradesh",MBA/PGDM,"₹ 1,59,000","₹ 32,00,000",Private
Gajra Raja Medical College - [GRMC],"Gwalior, Madhya Pradesh",MBBS,"₹ 1,21,000",,Government
"Institute of Engineering and Technology, Devi Ahilya University - [IET -DAVV]","Indore, Madhya Pradesh",BE/B.Tech,"₹ 1,05,950","₹ 57,00,000",Private
Jabalpur Engineering College - [JEC],"Jabalpur, Madhya Pradesh",BE/B.Tech,"₹ 14,369",,Government
Netaji Subhash Chandra Bose Medical College - [NSCBMC],"Jabalpur, Madhya Pradesh",Bachelor of Physiotherapy(BPT),"₹ 72,600",,Government
Jaipuria Institute of Management,"Indore, Madhya Pradesh",MBA/PGDM,"₹ 12,75,000","₹ 36,64,000",Private
Aisect College of Professional Studies,"Indore, Madhya Pradesh",B.Com,"₹ 15,000",,Private
VIT Bhopal University,"Bhopal, Madhya Pradesh",BE/B.Tech,"₹ 2,01,000","₹ 59,00,000",Private
LNCT University - [LNCTU],"Bhopal, Madhya Pradesh",Bachelor of Physiotherapy(BPT),"₹ 60,000","₹ 1,12,00,000",Private
Madhav Institute of Technology and Science - [MITS],"Gwalior, Madhya Pradesh",BE/B.Tech,"₹ 1,86,000","₹ 25,56,000",Private
"ITM University, School of Management","Gwalior, Madhya Pradesh",BBA/BMS,"₹ 2,05,000","₹ 45,00,000",Private
Bundelkhand Medical College,"Sagar, Madhya Pradesh",MBBS,"₹ 1,14,000",,Government
"University Institute of Technology, Rajiv Gandhi Proudyogiki Vishwavidyalaya - [UIT- RGPV]","Bhopal, Madhya Pradesh",BE/B.Tech,"₹ 24,920","₹ 54,00,000",Government
Jagran Lakecity University - [JLU],"Bhopal, Madhya Pradesh",BBA/BMS,"₹ 1,80,000","₹ 12,00,000",Private
"Dr. LAXMINARAYAN PANDEY GOVT. MEDICAL COLLEGE, RATLAM","Ratlam, Madhya Pradesh",MBBS,"₹ 1,15,350",,Government
Shrimant Rajmata Vijayaraje Scindia Medical College Shivpuri,"Shivpuri, Madhya Pradesh",MBBS,"₹ 1,30,000",,Government
Career College,"Bhopal, Madhya Pradesh",B.Sc,"₹ 20,500",,Private
Awadhesh Pratap Singh University - [APSU],"Rewa, Madhya Pradesh",MA,"₹ 8,234",,Private
Government Medical College,"Datia, Madhya Pradesh",MBBS,"₹ 1,14,000",,Government
NANDKUMAR SINGH CHOUHAN GOVERNMENT MEDICAL COLLEGE,"Khandwa, Madhya Pradesh",MBBS,"₹ 1,26,950",,Government
Rajiv Gandhi Proudyogiki Vishwavidyalaya - [RGPV],"Bhopal, Madhya Pradesh",BE/B.Tech,"₹ 44,500","₹ 18,00,000",Government
NANDKUMAR SINGH CHOUHAN GOVERNMENT MEDICAL COLLEGE,"Khandwa, Madhya Pradesh",MBBS,"₹ 1,26,950",,Government
Rajiv Gandhi Proudyogiki Vishwavidyalaya - [RGPV],"Bhopal, Madhya Pradesh",BE/B.Tech,"₹ 44,500","₹ 18,00,000",Government
Rewa Engineering College - [REC],"Rewa, Madhya Pradesh",BE/B.Tech,"₹ 49,800",,Government
Dr. A. P. J. Abdul Kalam University,"Indore, Madhya Pradesh",M.Phil/Ph.D in Arts,"₹ 2,83,400",,Private
Birsa Munda Government Medical College,"Shahdol, Madhya Pradesh",Bachelor of Physiotherapy(BPT),"₹ 85,020",,Government
Jiwaji University - [JU],"Gwalior, Madhya Pradesh",B.Sc,"₹ 23,320","₹ 5,00,000",Government
Lakshmi Narain College of Technology - [LNCT],"Bhopal, Madhya Pradesh",BE/B.Tech,"₹ 48,600","₹ 12,00,000",Private
Prestige Institute of Management & Research - [PIMRG],"Gwalior, Madhya Pradesh",BA/BBA LLB,"₹ 27,000","₹ 15,00,000",Private
Acropolis Faculty of Management and Research - [AFMR],"Indore, Madhya Pradesh",MBA/PGDM,"₹ 55,000","₹ 10,50,000",Private
Shri Vaishnav Institute of Management and Science - [SVIMS],"Indore, Madhya Pradesh",BBA/BMS,"₹ 61,500","₹ 9,00,000",Private
National Law School of India University - [NLSIU],"Bangalore, Karnataka",LLB,454500,"18,00,000",Private
Indian Institute of Management - IIM Bangalore,"Bangalore, Karnataka",MBA/PGDM,2630000,"1,15,00,000",Private
Institute of Hotel Management - [IHM],"Bangalore, Karnataka",BHM,167365,"8,00,000",Government
National Institute of Mental Health and Neuro Sciences - [NIMHANS],"Bangalore, Karnataka",M.Ch,91150,,Government
Indian Institute of Science - [IISc],"Bangalore, Karnataka",BE/B.Tech,220800,"85,00,000",Government
St. Joseph's College of Commerce - [SJCC],"Bangalore, Karnataka",B.Com,136000,"30,00,000",Private
International Institute of Information Technology - [IIIT-B],"Bangalore, Karnataka",BE/B.Tech,460000,"65,00,000",Private
"Faculty of Hospitality Management and Catering Technology - [FHMCT], M. S. Ramaiah University of Applied Sciences","Bangalore, Karnataka",BHM,179000,,Private
St Joseph's University,"Bangalore, Karnataka",B.Sc,20000,,Private
Christ University Bangalore,"Bangalore, Karnataka",B.Sc,154000,"15,75,000",Private
Bangalore Medical College and Research Institute - [BMCRI],"Bangalore, Karnataka",MBBS,75300,,Government
"Indian Institute of Science, Department of Management Studies - [DMSIISC]","Bangalore, Karnataka",MMS,266500,"37,50,000",Government
RV College of Architecture - [RVCA],"Bangalore, Karnataka",B.Arch,113060,,Private
BMS School of Architecture - [BMSSA],"Bangalore, Karnataka",B.Arch,301100,,Private
"School of Law, Christ University - [SLCU]","Bangalore, Karnataka",BA/BBA LLB,322000,,Private
Mount Carmel College - [MCC],"Bangalore, Karnataka",B.Sc,119400,"21,50,000",Private
KLE Society's Institute of Hotel Management and Catering Technology,"Bangalore, Karnataka",BHM,110000,,Private
KLE Society's Law College,"Bangalore, Karnataka",LLB,120000,,Private
